{"S0": 1.0, "IV":
    {
        "0.1":{
        "iv": [0.3677179516655335, 0.3543540498045074, 0.3421849506557801, 0.3314224093477623, 0.3223212698651677, 0.3151600611868606, 0.31019884946258, 0.3076165257964298, 0.3074482792396077, 0.3095570867450963, 0.3136595050479295, 0.3193914459663687, 0.326378421562691, 0.3342838139402285, 0.3428300072310612, 0.3518002455191933, 0.361030983963396],
        "strikes": [0.8, 0.8250000000000001, 0.8500000000000001, 0.875, 0.9, 0.925, 0.95, 0.975, 1.0, 1.025, 1.05, 1.075, 1.1, 1.125, 1.15, 1.1749999999999998, 1.2]
        },
        "0.14":{
        "iv": [0.373395756050272, 0.3597960579153613, 0.3473696630891169, 0.336321828618122, 0.3269019994962273, 0.3193872479794426, 0.314043905359186, 0.3110675116494895, 0.3105186275993428, 0.3122872507633814, 0.3161099217179053, 0.3216308461550917, 0.3284732649574369, 0.3362919572647396, 0.344798489342173, 0.353765664439602, 0.3630210217955409], 
        "strikes": [0.8, 0.8250000000000001, 0.8500000000000001, 0.875, 0.9, 0.925, 0.95, 0.975, 1.0, 1.025, 1.05, 1.075, 1.1, 1.125, 1.15, 1.1749999999999998, 1.2]
        },
        "0.18":{
        "iv": [0.3791197111395077, 0.3652865908227529, 0.352605925762158, 0.3412764448069251, 0.3315418698085201, 0.3236769895819671, 0.3179529975798972, 0.314580456081544, 0.3136442887506101, 0.3150618805340187, 0.3185914009101567, 0.323887383845651, 0.3305723668222379, 0.3382933311587134, 0.3467512132015365, 0.3557082153515213, 0.3649826646829896],
        "strikes": [0.8, 0.8250000000000001, 0.8500000000000001, 0.875, 0.9, 0.925, 0.95, 0.975, 1.0, 1.025, 1.05, 1.075, 1.1, 1.125, 1.15, 1.1749999999999998, 1.2]
        },
        "0.22":{
        "iv": [0.3848896531251242, 0.3708254411708161, 0.3578934897086624, 0.3462859967396343, 0.336240692890501, 0.328029341071495, 0.3219266691892387, 0.3181566199782301, 0.3168273069615124, 0.3178836240505707, 0.3211068511002142, 0.3261638885653017, 0.3326782543163506, 0.3402900672496614, 0.3486899126056145, 0.3576292778260463, 0.366916996629762],
        "strikes": [0.8, 0.8250000000000001, 0.8500000000000001, 0.875, 0.9, 0.925, 0.95, 0.975, 1.0, 1.025, 1.05, 1.075, 1.1, 1.125, 1.15, 1.1749999999999998, 1.2]
        },
        "0.26":{
        "iv": [0.3907054183522599, 0.3764124007316078, 0.3632321014843551, 0.3513502094234195, 0.3409982475042505, 0.3324442918716147, 0.3259653586920181, 0.3217971342368432, 0.3200696075479389, 0.3207550603418266, 0.3236591772660491, 0.3284632397915885, 0.3347935338844273, 0.3422843844744102, 0.3506164036326029, 0.3595303028941241, 0.368825160960141],
        "strikes": [0.8, 0.8250000000000001, 0.8500000000000001, 0.875, 0.9, 0.925, 0.95, 0.975, 1.0, 1.025, 1.05, 1.075, 1.1, 1.125, 1.15, 1.1749999999999998, 1.2]
        },
        "0.3":{
        "iv": [0.3965668435721723, 0.3820472609230931, 0.3686215042597847, 0.3564687962409547, 0.3458142829639276, 0.3369217712316161, 0.3300694051517546, 0.3255030006463679, 0.323372990761176, 0.3236786881741811, 0.3262512694542688, 0.3307883592687454, 0.3369208881072976, 0.3442785892784328, 0.3525325866401308, 0.3614128156964991, 0.3707083629751941],
        "strikes": [0.8, 0.8250000000000001, 0.8500000000000001, 0.875, 0.9, 0.925, 0.95, 0.975, 1.0, 1.025, 1.05, 1.075, 1.1, 1.125, 1.15, 1.1749999999999998, 1.2]
        },
        "0.3399999999999999":{
        "iv": [0.4024737661658976, 0.3877298132689845, 0.3740614388011931, 0.3616414609542798, 0.350688522774592, 0.3414616535974095, 0.3342390536770525, 0.329275093769787, 0.326739126816594, 0.3266569152222177, 0.3288859909172159, 0.3331422024557605, 0.3390630717608066, 0.3462750753156498, 0.3544404480369945, 0.3632784180855121, 0.3725678726527865],
        "strikes": [0.8, 0.8250000000000001, 0.8500000000000001, 0.875, 0.9, 0.925, 0.95, 0.975, 1.0, 1.025, 1.05, 1.075, 1.1, 1.125, 1.15, 1.1749999999999998, 1.2]
        },
        "0.38":{
        "iv": [0.4084260243413753, 0.3934598498054991, 0.3795516443477666, 0.3668678995278958, 0.3556206680277435, 0.3460637638296286, 0.3384744611796348, 0.3331141637501546, 0.3301695521124563, 0.3296920478672709, 0.331566165952669, 0.3355277491333806, 0.3412229070377233, 0.3482763225881332, 0.3563420617826343, 0.3651287911518356, 0.3744050273786705],
        "strikes": [0.8, 0.8250000000000001, 0.8500000000000001, 0.875, 0.9, 0.925, 0.95, 0.975, 1.0, 1.025, 1.05, 1.075, 1.1, 1.125, 1.15, 1.1749999999999998, 1.2]
        },
        "0.42":{
        "iv": [0.4144234573064844, 0.3992371634397617, 0.3850918593933401, 0.3721478017808607, 0.36061040055356, 0.3507278822321892, 0.34277570231268, 0.3370208399495948, 0.3336656666631939, 0.3327862817750118, 0.3342945675929835, 0.3379479932158654, 0.3434032778958075, 0.3502848959643739, 0.358239590564157, 0.3669656976455572, 0.3762212346938302],
        "strikes": [0.8, 0.8250000000000001, 0.8500000000000001, 0.875, 0.9, 0.925, 0.95, 0.975, 1.0, 1.025, 1.05, 1.075, 1.1, 1.125, 1.15, 1.1749999999999998, 1.2]
        },
        "0.4599999999999999":{
        "iv": [0.4204659054202535, 0.4050615482642415, 0.3906818223802771, 0.3774808528780514, 0.365657385832893, 0.3554537493620424, 0.347142775504576, 0.3409956353213034, 0.3372287327467752, 0.3359416933904595, 0.3370739053028557, 0.3404059318328852, 0.3456071235053684, 0.3523034430151746, 0.3601352865970001, 0.3687909842572046, 0.378017975040575],
        "strikes": [0.8, 0.8250000000000001, 0.8500000000000001, 0.875, 0.9, 0.925, 0.95, 0.975, 1.0, 1.025, 1.05, 1.075, 1.1, 1.125, 1.15, 1.1749999999999998, 1.2]
        },
        "0.5":{
        "iv": [0.4265532103243135, 0.4109327998313024, 0.3963212723128642, 0.3828667346709068, 0.3707612756745988, 0.3602410705978132, 0.351575609010806, 0.3450389514087887, 0.3408598747419356, 0.3391602324714803, 0.3399068128537078, 0.3429045537671678, 0.3478374307820735, 0.354334691107994, 0.3620314919919674, 0.3706065837202724, 0.3797968044869393],
        "strikes": [0.8, 0.8250000000000001, 0.8500000000000001, 0.875, 0.9, 0.925, 0.95, 0.975, 1.0, 1.025, 1.05, 1.075, 1.1, 1.125, 1.15, 1.1749999999999998, 1.2]
        }
    }
}